{
  "variants": {
    "half=bottom": [
      {
        "model": "block/half_slab_stone"
      },
      {
        "model": "block/half_slab_stone1"
      },
      {
        "model": "block/half_slab_stone2"
      },
      {
        "model": "block/half_slab_stone3"
      },
      {
        "model": "block/half_slab_stone4"
      },
      {
        "model": "block/half_slab_stone5"
      }
    ],
    "half=top": [
      {
        "model": "block/upper_slab_stone"
      },
      {
        "model": "block/upper_slab_stone1"
      },
      {
        "model": "block/upper_slab_stone2"
      },
      {
        "model": "block/upper_slab_stone3"
      },
      {
        "model": "block/upper_slab_stone4"
      },
      {
        "model": "block/upper_slab_stone5"
      }
    ]
  }
}
