{
    "variants": {
        "half=bottom": [ 
            {"model": "half_slab_stone"},
            {"model": "half_slab_stone1"},
            {"model": "half_slab_stone2"},
            {"model": "half_slab_stone3"},
            {"model": "half_slab_stone4"},
            {"model": "half_slab_stone5"}

        ],
        "half=top": [ 
            {"model": "upper_slab_stone"},
            {"model": "upper_slab_stone1"},
            {"model": "upper_slab_stone2"},
            {"model": "upper_slab_stone3"},
            {"model": "upper_slab_stone4"},
            {"model": "upper_slab_stone5"}

        ]
    }
}
